epoch,train_loss,val_loss,train_acc,val_acc
1,0.9826341174938829,0.5166644321547614,0.7439613526570048,0.8888888888888888
2,0.3472267477120754,0.15307943357361686,0.9414251207729468,1.0
